<?xml version="1.0" encoding="UTF-8" ?>  
<!DOCTYPE tiles-definitions PUBLIC  
       "-//Apache Software Foundation//DTD Tiles Configuration 2.0//EN"  
       "http://tiles.apache.org/dtds/tiles-config_2_0.dtd">
<tiles-definitions>
	<definition name="base.definition" template="/WEB-INF/views/fragments/layout.jsp">
		<put-attribute name="title" value="" />
		<put-attribute name="header"
			value="/WEB-INF/views/fragments/header.jsp" />
		<put-attribute name="menu" value="/WEB-INF/views/fragments/menu.jsp" />
		<put-attribute name="body" value="" />
		<put-attribute name="footer"
			value="/WEB-INF/views/fragments/footer.jsp" />
	</definition>

	<definition name="login" extends="base.definition">
		<put-attribute name="title" value="Login Pet Application" />
		<put-attribute name="body" value="/WEB-INF/views/login.jsp" />
		<put-attribute name="menu" value="" />
	</definition>

	<definition name="register" extends="base.definition">
		<put-attribute name="title" value="Register with Us" />
		<put-attribute name="body" value="/WEB-INF/views/register.jsp" />
	</definition>
	
	<definition name="profile" extends="base.definition">
		<put-attribute name="title" value="User Profile" />
		<put-attribute name="body" value="/WEB-INF/views/profile.jsp" />
	</definition>

	<definition name="welcome" extends="base.definition">
		<put-attribute name="title" value="Welcome to Shop Online" />
		<put-attribute name="body" value="/WEB-INF/views/welcome.jsp" />
	</definition>

	<definition name="profile" extends="base.definition">
		<put-attribute name="title" value="Change Profile" />
		<put-attribute name="body" value="/WEB-INF/views/profile.jsp" />
	</definition>

	<definition name="product" extends="base.definition">
		<put-attribute name="title" value="Shop Products" />
		<put-attribute name="body" value="/WEB-INF/views/product.jsp" />
	</definition>

	<definition name="search" extends="base.definition">
		<put-attribute name="title" value="Search for Productss" />
		<put-attribute name="body" value="/WEB-INF/views/search.jsp" />
	</definition>

	<definition name="history" extends="base.definition">
		<put-attribute name="title" value="Order History" />
		<put-attribute name="body" value="/WEB-INF/views/history.jsp" />
	</definition>
	
	<definition name="orders" extends="base.definition">
		<put-attribute name="title" value="Orders Details" />
		<put-attribute name="body" value="/WEB-INF/views/orders.jsp" />
	</definition>

	<definition name="productlist" extends="base.definition">
		<put-attribute name="title" value="Browse Product List" />
		<put-attribute name="body" value="/WEB-INF/views/productlist.jsp" />
	</definition>

	<definition name="pdetails" extends="base.definition">
		<put-attribute name="title" value="Products Details" />
		<put-attribute name="body" value="/WEB-INF/views/pdetails.jsp" />
	</definition>

	<definition name="vcart" extends="base.definition">
		<put-attribute name="title" value="Products View Cart" />
		<put-attribute name="body" value="/WEB-INF/views/vcart.jsp" />
	</definition>

	<definition name="pcart" extends="base.definition">
		<put-attribute name="title" value="Products View Cart" />
		<put-attribute name="body" value="/WEB-INF/views/pcart.jsp" />
	</definition>

	<definition name="porder" extends="base.definition">
		<put-attribute name="title" value="Order Details" />
		<put-attribute name="body" value="/WEB-INF/views/porder.jsp" />
	</definition>


	<definition name="categorylist" extends="base.definition">
		<put-attribute name="title" value="Browse Categories List" />
		<put-attribute name="body" value="/WEB-INF/views/categorylist.jsp" />
	</definition>

	<definition name="cdetails" extends="base.definition">
		<put-attribute name="title" value="Category Details" />
		<put-attribute name="body" value="/WEB-INF/views/cdetails.jsp" />
	</definition>

	<definition name="tbd" extends="base.definition">
		<put-attribute name="title" value="Future Sprints" />
		<put-attribute name="body" value="/WEB-INF/views/tbd.jsp" />
	</definition>
	
	<!-- Admin Related -->
	<definition name="admin" extends="base.definition">
		<put-attribute name="title" value="Future Sprints" />
		<put-attribute name="body" value="/WEB-INF/views/admin.jsp" />
	</definition>
	
	<definition name="uadd" extends="base.definition">
		<put-attribute name="title" value="Add User" />
		<put-attribute name="body" value="/WEB-INF/views/uadd.jsp" />
	</definition>
	
	<definition name="userlist" extends="base.definition">
		<put-attribute name="title" value="User List" />
		<put-attribute name="body" value="/WEB-INF/views/userlist.jsp" />
	</definition>
	
	<definition name="imagelist" extends="base.definition">
		<put-attribute name="title" value="Image List" />
		<put-attribute name="body" value="/WEB-INF/views/imagelist.jsp" />
	</definition>
	
	<definition name="orderlist" extends="base.definition">
		<put-attribute name="title" value="Order List" />
		<put-attribute name="body" value="/WEB-INF/views/orderlist.jsp" />
	</definition>
	
	
	<definition name="padd" extends="base.definition">
		<put-attribute name="title" value="Add Products" />
		<put-attribute name="body" value="/WEB-INF/views/padd.jsp" />
	</definition>
	
	<definition name="cadd" extends="base.definition">
		<put-attribute name="title" value="Add Categories" />
		<put-attribute name="body" value="/WEB-INF/views/cadd.jsp" />
	</definition>
	
	<definition name="iadd" extends="base.definition">
		<put-attribute name="title" value="Add Images" />
		<put-attribute name="body" value="/WEB-INF/views/iadd.jsp" />
	</definition>
	
	<definition name="oadd" extends="base.definition">
		<put-attribute name="title" value="Add Orders" />
		<put-attribute name="body" value="/WEB-INF/views/oadd.jsp" />
	</definition>
</tiles-definitions>  